"","baseMean","log2FoldChange","lfcSE","stat","pvalue","padj"
"BPB1_00862",1116.65378235907,-7.64417466822938,0.590427145429114,-12.1000105153314,1.05597648150571e-33,8.50612697117359e-32
"BPB1_03081",1252.36946926578,7.29496655495322,0.24271066080234,27.9961602530799,1.80942841279776e-172,6.51032342924633e-170
"BPB1_02549",31.0732924042209,-7.08153684173069,0.719763889582525,-9.14402200080931,6.01718343059793e-20,2.20916591666238e-18
"BPB1_00860",1378.66344333918,-6.9630008146614,0.602372903136863,-10.7292356296328,7.42074476635279e-27,4.38951415984396e-25
"BPB1_00861",195.040556669334,-6.93600494243379,0.690052701615352,-9.3268310193811,1.09083581084671e-20,4.1459442754505e-19
"BPB1_05049",2930.58676869922,6.84493641081354,0.180433273858884,35.1650018597784,6.85674316478533e-271,3.0838202383622e-268
"BPB1_01606",17307.2278719277,6.74411434538804,0.10143560045026,61.5574247864773,0,0
"BPB1_01605",4429.43739757021,6.61972117891946,0.128934245402324,47.4638926207974,0,0
"BPB1_01607",4870.83213161284,6.58287638230822,0.118877475140307,51.16929321664,0,0
"BPB1_05331",7551.60706190243,6.49975854612054,0.1492824393432,40.190651844368,0,0
"BPB1_02544",19.7309238868164,-6.27452620390469,0.72925961790574,-7.91834082420162,2.40700826617182e-15,6.62786919006596e-14
"BPB1_03740",19893.4188063736,6.25409593578753,0.0879123940303893,65.4526133573211,0,0
"BPB1_02545",62.1225785450532,-6.2379333073341,0.484058569012716,-11.8537996735336,2.05649977071627e-32,1.5632294735994e-30
"BPB1_02539",150.936009589374,-5.97982840563711,0.390798977345939,-14.0221155204977,1.14160170685137e-44,1.33939661127758e-42
"BPB1_00882",755.080988976057,-5.92360453796411,0.630357783762965,-8.60400978248817,7.69784162108975e-18,2.48773959455218e-16
"BPB1_02548",34.6496745410099,-5.82303582171527,0.529525341047097,-10.0524666320773,8.9596207878035e-24,4.24167310454171e-22
"BPB1_02541",82.5059621091727,-5.7746817917818,0.427277826179907,-12.3448526195246,5.1929246552282e-35,4.31172528681024e-33
"BPB1_02543",29.3604717870902,-5.65905112514516,0.543000934956392,-9.50099860428322,2.07887045161692e-21,8.13019117925833e-20
"BPB1_00864",908.147373649614,-5.63458014009304,0.563159190622927,-9.11745777319825,7.69071465920237e-20,2.80451263619697e-18
"BPB1_00847",326.297488756869,-5.56373249210172,0.529908586480953,-9.55586042817165,1.22561201692151e-21,4.86369709950398e-20
"BPB1_00818",726.195690728129,5.55602077669914,0.317148163494679,15.9421411146969,3.23091253969636e-57,5.2840105990125e-55
"BPB1_01601",494.801400841488,5.46414783925507,0.243592828458287,20.3788751527434,2.57504895122021e-92,5.79064132905644e-90
"BPB1_01604",1088.91622081772,5.39866464060915,0.185332733181123,26.4317293363486,5.91897731093278e-154,1.87910120865319e-151
"BPB1_00819",2224.67411117581,5.38289867904548,0.30613668825248,15.9500604351557,2.84621356216846e-57,4.80031706094474e-55
"BPB1_02537",43.5224987151722,-5.35321690531071,0.458752311116382,-10.5791661158073,3.72256468975728e-26,2.0500695541449e-24
"BPB1_00881",1152.60861225929,-5.31994650462083,0.60296739368995,-7.99371003318179,1.30937516896178e-15,3.64262772519935e-14
"BPB1_03030",2510.37386646816,-5.27547520326109,0.497869572807304,-9.59181975378399,8.65449116325761e-22,3.51190141414296e-20
"BPB1_02540",23.0836628797404,-5.27134000100675,0.533333061220647,-8.94626706637409,3.67706754760064e-19,1.29706755257521e-17
"BPB1_01223",299.163452439251,-5.22707198427424,0.640718746317582,-7.37776444257681,1.60969434052125e-13,3.66562040328827e-12
"BPB1_00880",37.1633218923307,-5.21510908504106,0.955271768707439,-4.93588237347471,7.97891880928485e-07,1.03514963494496e-05
"BPB1_02547",139.380541515098,-5.17339908387492,0.345852921919278,-13.5126777531337,1.31644569518638e-41,1.39310929743546e-39
"BPB1_01875",3448.63349430629,5.16248507406536,0.0964495347104471,48.3411878353036,0,0
"BPB1_00879",24.1273751589882,-5.11673957358435,1.07390981750176,-4.29900118086664,1.71569558599245e-05,0.000193311254229671
"BPB1_02185",1598.66620409221,-5.07756761902331,0.662769022380521,-6.90673140181129,4.95947667383485e-12,9.80450388596581e-11
"BPB1_02527",14.3305962513205,-5.07511048003469,0.650324386309352,-7.03512058958584,1.99088743890403e-12,4.08548270257227e-11
"BPB1_00820",12317.024101785,4.97273065293693,0.350185073348983,12.7724765940539,2.33601547985581e-37,2.1737026801348e-35
"BPB1_02528",8.76861333144944,-4.93498398949196,0.713995228692324,-6.21150367855342,5.24799622801034e-10,9.07802424441404e-09
"BPB1_05994",166.382880199287,-4.92536238586138,0.62742157520412,-7.05325184971791,1.74784078214075e-12,3.61421329548414e-11
"BPB1_02498",1306.95156356747,-4.9244226375829,0.575821099170574,-7.68367578742068,1.54587595818995e-14,3.93542101242979e-13
"BPB1_02546",93.9899761549652,-4.87199234011326,0.358775874596338,-12.1858593335804,3.69735354205234e-34,3.02342682825098e-32
"BPB1_04113",3175.6476249861,4.85418619408708,0.290464304973284,14.9904346920961,8.47964247180079e-51,1.23688190325159e-48
"BPB1_00883",279.929230500746,-4.83103435430572,0.714217047296277,-6.0640310542869,1.32751505871556e-09,2.18432889386826e-08
"BPB1_05986",418.009577734212,-4.82667538950086,0.584896271610455,-7.3973379546219,1.38941624492932e-13,3.17740655673031e-12
"BPB1_02196",45.5830079682608,-4.81832865183474,0.402511187976805,-10.7284686260288,7.48258852521113e-27,4.38951415984396e-25
"BPB1_00865",386.759274167485,-4.6785882211166,0.638862816288376,-6.54066587470701,6.12455253664558e-11,1.1092016792039e-09
"BPB1_05744",205.088780273767,-4.65199172008688,0.615137696918083,-6.7496948096156,1.4815646131065e-11,2.86595133223506e-10
"BPB1_02531",51.730919050644,-4.6301208913776,0.414987789018102,-9.9523913731289,2.46194815070511e-23,1.14544260080651e-21
"BPB1_03548",3739.36028715185,4.62832425568404,0.119088772287529,34.6659401754228,2.56971736103415e-263,1.06682804596164e-260
"BPB1_03029",555.605076951515,-4.61287878326924,0.568173895225133,-7.23876759885202,4.52780117458386e-13,9.93355404033702e-12
"BPB1_00872",640.396389717702,-4.60578131827446,0.616172686107413,-6.66336144208562,2.6763436553816e-11,5.05042891891416e-10
"BPB1_05945",4660.01694369106,4.50369926772367,0.200360788680133,19.9824491313787,7.82874355050617e-89,1.62506649777238e-86
"BPB1_03580",1206.59933236744,4.44848690936239,0.100783747930541,39.1778137888229,0,0
"BPB1_05987",52.744971102232,-4.40257420105571,0.747717524007937,-5.21931622003055,1.79584915578824e-07,2.50444390020391e-06
"BPB1_00107",462.200398437865,4.39138455010371,0.114064430655899,34.1156706584803,4.32019670581786e-255,1.66543583009279e-252
"BPB1_00866",813.565694797742,-4.3888772897255,0.677476263350327,-5.74024139309887,9.45416909302631e-09,1.48326019171695e-07
"BPB1_03581",1520.41696684329,4.38042853633237,0.110087253740736,35.2486632600637,3.59661198747838e-272,1.76462862694735e-269
"BPB1_00108",2058.14589513296,4.37349817970123,0.094130458214644,41.150316838664,0,0
"BPB1_00887",301.005807209117,-4.35676464540481,0.540651204180988,-7.13355415761493,9.78097986748473e-13,2.07826568286674e-11
"BPB1_05745",383.211864657578,-4.34109504447015,0.593313898498436,-6.47396774994018,9.54622854639905e-11,1.71166097890085e-09
"BPB1_00846",273.593536262445,-4.30987211129728,0.514857893345738,-7.39985180481417,1.36336562857866e-13,3.13109970103788e-12
"BPB1_02563",35.7217067672585,-4.30966094360921,0.4590618521216,-8.29879661314151,1.05171240220997e-16,3.15338435262624e-15
"BPB1_00141",560.956783765197,4.30916142567765,0.24618145577885,15.4729827786034,5.28026371643504e-54,8.38164214047056e-52
"BPB1_02558",210.719533254924,-4.30684240337115,0.269684568006516,-14.115907452588,3.03089131626167e-45,3.63504898530316e-43
"BPB1_02186",1414.39439309629,-4.29209746808392,0.565017529865247,-6.71146870255213,1.92675124178303e-11,3.70059660210071e-10
"BPB1_03547",6628.29022138784,4.25811109343804,0.0864209627300136,43.4861053929553,0,0
"BPB1_05760",197.604641977345,-4.23803845099003,0.502107062842739,-7.44470398370156,9.71620353901866e-14,2.31005949339576e-12
"BPB1_00859",391.669879800786,-4.21627847551411,0.556917228947436,-6.67294578502772,2.50719033254946e-11,4.78138029143797e-10
"BPB1_03546",21952.0338424409,4.20923178507216,0.045423907621523,81.65813949733,0,0
"BPB1_00884",154.541315394575,-4.20148579233771,0.730393429395672,-5.06779722183471,4.0244579541919e-07,5.40298496984419e-06
"BPB1_01239",102.35556180942,-4.19518269478535,0.623366494357884,-5.92778522463206,3.07047725061355e-09,4.99137521733775e-08
"BPB1_00878",13.4441993571243,-4.19342752240677,1.02490930623983,-3.60366278257064,0.000313764086662499,0.00292467146065199
"BPB1_01219",223.725892067968,-4.19219225511831,0.59760114643953,-6.17835537484517,6.47727853497476e-10,1.10626178016642e-08
"BPB1_02562",34.8083516680287,-4.17117460479323,0.357054624418937,-10.2818290360127,8.50971324496497e-25,4.41605022914192e-23
"BPB1_02532",87.9907435577359,-4.13282513089958,0.334284702839319,-10.8674584868629,1.64725654107631e-27,9.98903769908861e-26
"BPB1_04765",94.8359162334277,-4.1144044936217,0.655634379646204,-5.51283551599615,3.5309819707167e-08,5.23535980658188e-07
"BPB1_02197",23.4192718536089,-4.1136164533515,0.425277289661007,-8.49708305898948,1.94414326604118e-17,6.17208306283779e-16
"BPB1_02533",159.658611804666,-4.10572436159895,0.313089560058034,-11.516590846819,1.08832283032103e-30,7.93740312870625e-29
"BPB1_02557",142.891888129441,-4.07200864376629,0.261656354660162,-13.6515264397289,1.97693655082126e-42,2.13390531295646e-40
"BPB1_00871",187.24052524684,-4.07018760097819,0.693483209150676,-5.14819616952324,2.63003363048073e-07,3.61177900857621e-06
"BPB1_00821",1869.3576260066,4.0630946876657,0.353789036919086,10.0712410952423,7.4037842537995e-24,3.56769853729963e-22
"BPB1_04112",913.291960285702,4.04421169844481,0.270882667866153,13.0839367699821,4.06812725632326e-39,4.14258166082578e-37
"BPB1_01309",8020.31488744316,4.01736245040086,0.135686757990709,25.9226655753814,3.69842408494745e-148,1.05054709402428e-145
"BPB1_05848",171.742876859774,-3.99078244649262,0.277092352933239,-12.5979025026853,2.1683430752452e-36,1.95042459618306e-34
"BPB1_01221",51.9011618880957,-3.98495503632045,0.681695172366162,-5.11218969649467,3.18445805847775e-07,4.30739853173044e-06
"BPB1_00260",189.546064389566,-3.97487759039946,0.534540798031348,-6.50067797106794,7.99588316857332e-11,1.43845938202634e-09
"BPB1_02534",39.1743788023101,-3.94866924380306,0.429363460029445,-8.03205108223826,9.58564412044194e-16,2.68050369523446e-14
"BPB1_00857",93.3103068812905,-3.90461956741843,0.759463701603565,-4.48292599136703,7.36264695429519e-06,8.60091030569938e-05
"BPB1_01308",543.060396927813,3.84664615819298,0.126669601501043,26.4202785714568,8.01402973695341e-154,2.4028732494632e-151
"BPB1_05992",199.444352902157,-3.84342614318451,0.532813639022088,-6.27503858444942,3.49547598838199e-10,6.10520514863999e-09
"BPB1_02536",82.6777386612587,-3.83601432150923,0.322668456770899,-10.3388300018364,4.70243470932812e-25,2.51277625012316e-23
"BPB1_01306",697.919579072394,3.76099117788648,0.130074417136723,25.0701963512072,1.05160168812879e-138,2.83774715541553e-136
"BPB1_00863",36.9854708886249,-3.75716954083477,0.68346719088642,-4.76565603187242,1.88240156867566e-06,2.34626357185739e-05
"BPB1_01222",65.1644791307277,-3.73944680131219,0.532003806286724,-6.08914215092341,1.13517294478849e-09,1.89090382192082e-08
"BPB1_05761",123.892355427114,-3.72839672845409,0.607858139812679,-5.31110224081061,1.08964175053732e-07,1.54351614898948e-06
"BPB1_05748",88.4370562750438,-3.71089371497501,0.594592867730986,-5.40015511324251,6.65833008124134e-08,9.60829076162019e-07
"BPB1_04380",109.765610518906,-3.70422272910477,0.613495249686313,-5.22289737490734,1.76145022180803e-07,2.46283597075076e-06
"BPB1_04001",371.659389841965,-3.68535156378787,0.273395157399597,-11.6510899245086,2.26542633281629e-31,1.69812582197355e-29
"BPB1_04307",9.34680077790813,-3.68473813915751,0.573351993096809,-5.55459504371126,2.78256081121406e-08,4.19482701064868e-07
"BPB1_02525",20.6805748290326,-3.66026762935801,0.429653923969989,-7.35537941829376,1.90385553222637e-13,4.29920849683085e-12
"BPB1_01307",6930.15765064921,3.64785379380743,0.137991911616019,22.8118717752584,3.49577040662598e-115,8.57576040207291e-113
"BPB1_01541",285.15361323122,3.64420058955721,0.75819807132448,4.1469382585802,3.36950877802117e-05,0.000361535564114916
"BPB1_02345",3631.74143020041,-3.61678620151696,0.47304212546549,-6.58881320231243,4.43356163739375e-11,8.16652974642118e-10
"BPB1_04012",1605.28827185291,-3.6112883275894,0.272885879582125,-11.4014266049741,4.11322957585199e-30,2.88300000271081e-28
"BPB1_04011",9794.55802572844,-3.59375446143797,0.279164997900295,-11.0821717790814,1.53112842916813e-28,1.02018520150869e-26
"BPB1_00858",225.977929696138,-3.59338891201704,0.611938489357435,-5.05506511817103,4.30243943056496e-07,5.71927724304411e-06
"BPB1_02561",24.8718354209486,-3.57143089236596,0.392314390288204,-7.82900390197161,4.91750383505341e-15,1.33365669335594e-13
"BPB1_00849",60.1575419351095,-3.56422708977243,0.422195156773459,-7.25784519460185,3.93305297617906e-13,8.7352621038841e-12
"BPB1_01540",316.194500521702,3.51768868668179,0.623697545490715,4.83838474032718,1.30898569013945e-06,1.66016046706286e-05
"BPB1_04000",316.386030455363,-3.49193038651325,0.241000183573499,-12.4146394502675,2.17665195669547e-35,1.8355297828571e-33
"BPB1_02184",1626.48921409065,-3.48622778578789,0.616258156492355,-4.84574160086583,1.26139604335341e-06,1.60560246367414e-05
"BPB1_01876",1488.03354711546,-3.46015118811581,0.30864591923716,-9.59076729552113,8.74323533763e-22,3.52143590426784e-20
"BPB1_05991",61.4176422207086,-3.45964468612517,0.563859366691215,-5.24890577502094,1.53005305487457e-07,2.15044175446825e-06
"BPB1_00259",7113.8191943569,-3.45638851583274,0.39391158485461,-7.50520835005125,6.13309739613013e-14,1.49100570481596e-12
"BPB1_05988",91.4788072634964,-3.4355481425382,0.646707947232593,-4.53921767174822,5.64633255440839e-06,6.68273175353993e-05
"BPB1_05416",239.309603271763,-3.41484470578784,0.266902276922843,-10.921018506824,9.14643194081428e-28,5.67394174535341e-26
"BPB1_04013",155.923910871956,-3.40558297678556,0.310787157703457,-9.34910888292874,8.83892591989397e-21,3.38323994252963e-19
"BPB1_01542",3000.85879216629,3.38131250405735,0.694106467198572,4.15111029823189,3.30866255898746e-05,0.000356424188240625
"BPB1_03999",114.67537075509,-3.37670202766379,0.299666314677757,-9.59968433808526,8.01896299006186e-22,3.30369032498961e-20
"BPB1_05330",2000.03043458764,3.37234016716379,0.158093361394257,18.1686323943778,9.14493880877166e-74,1.76268695539074e-71
"BPB1_03998",649.347539970068,-3.35783671150999,0.26395431469962,-10.8270126774105,2.56383519563332e-27,1.53744650564811e-25
"BPB1_04031",71.7547528501177,-3.3505978623421,0.301172340928557,-9.46500549669768,2.93545621475519e-21,1.13975951014631e-19
"BPB1_00886",240.397262418839,-3.31809713637232,0.508492084640867,-5.54206687083961,2.98922101059347e-08,4.48134049838138e-07
"BPB1_01805",650.125622397236,-3.31581615733791,0.403549078105105,-6.97763000862195,3.00200981080481e-12,6.04546527944535e-11
"BPB1_05696",6244.72750664648,-3.30197469090487,0.510378252684902,-5.4899962452647,4.01942287017345e-08,5.89478946476253e-07
"BPB1_04355",544.295528726357,-3.28085703119429,0.28019931924144,-9.92456740695398,3.25511136713528e-23,1.50152444858368e-21
"BPB1_00841",105.947846479647,-3.28068399118137,0.554647038609194,-5.01342979880336,5.34682804985623e-07,7.02112676035866e-06
"BPB1_00877",148.22522238864,-3.27775160202248,0.677297102135839,-4.1012306021433,4.10958759986092e-05,0.000439196916365335
"BPB1_02529",54.1868486810283,-3.27212361721157,0.339373883651989,-8.16834691986566,3.12643777812919e-16,8.9752046215762e-15
"BPB1_04381",344.027011985831,-3.25982536557348,0.417472323165647,-6.61079839891187,3.82252762056921e-11,7.08940947361238e-10
"BPB1_03996",441.802655425631,-3.25828326195172,0.284988991004037,-9.6785607480278,3.71914607971246e-22,1.59303423747684e-20
"BPB1_05876",29.866706199836,-3.24846686798864,0.448054094113088,-6.13423000503804,8.55726388202624e-10,1.44323603660299e-08
"BPB1_02530",11.5566806207197,-3.24688872588109,0.484142196774301,-5.67372301811909,1.39726988701264e-08,2.16076377656367e-07
"BPB1_02206",63.4720557236667,-3.23347358423396,0.356984333949765,-7.65712476508456,1.90141894681995e-14,4.77300374697083e-13
"BPB1_02266",40.9833472385165,-3.22384095484211,0.250495867169347,-10.8737959856266,1.53671204120853e-27,9.42458509818456e-26
"BPB1_05695",899.040807752624,-3.21944729161482,0.579033205275317,-4.69653081522636,2.64617329871671e-06,3.25316567042689e-05
"BPB1_03997",225.470376642827,-3.19898331139141,0.266132251367419,-10.1415115887823,3.61462464893097e-24,1.78973662663124e-22
"BPB1_05473",23.8725694122032,-3.19108406426959,0.4436973275157,-6.06513471545391,1.31843095080586e-09,2.17601585366949e-08
"BPB1_03987",280.947249712989,-3.1901330221136,0.245915605598853,-10.9392529830004,7.48137877003065e-28,4.69500014207621e-26
"BPB1_02560",117.603845179818,-3.17809851011521,0.231760465458254,-11.5554588001878,6.92765105595304e-31,5.12171681492857e-29
"BPB1_04014",921.616200360216,-3.15210743036746,0.249507430822316,-10.6293725266088,2.17571358706893e-26,1.236034339938e-24
"BPB1_03986",525.864652407511,-3.14772310513367,0.230328629993021,-11.4954146395691,1.39111413596932e-30,1.00104573224352e-28
"BPB1_03995",232.100274460432,-3.14264258889354,0.26944374534152,-9.80777113806812,1.04245627813774e-22,4.61158732222079e-21
"BPB1_02346",3372.41978730374,-3.13627177546143,0.38156966586054,-6.90901822480029,4.88019268212177e-12,9.68323525934236e-11
"BPB1_01520",215.836951159955,-3.1327744792039,0.247814305738576,-10.6239810141601,2.30515818595112e-26,1.2959311176644e-24
"BPB1_04354",972.660363579631,-3.11159141608933,0.270182654982574,-9.66602173724945,4.20403636400903e-22,1.7725925200435e-20
"BPB1_03229",798.900299897746,3.0900465415973,0.185243089293407,13.9818794400202,2.01106168482987e-44,2.30929785383549e-42
"BPB1_03545",914.8171950857,3.07732510617901,0.177751689327308,14.4995815000845,1.21890772749804e-47,1.56629642983499e-45
"BPB1_00867",182.343635278223,-3.07658848318766,0.717703233679353,-3.59004719816938,0.00033061809091522,0.00306588631730144
"BPB1_03228",3150.80676893209,3.07207594699445,0.274409966037536,9.3731141916421,7.04233696564923e-21,2.71482090025778e-19
"BPB1_04002",859.206814045999,-3.06667558774774,0.242295092770506,-10.5931802348916,3.20514007249538e-26,1.7833135021915e-24
"BPB1_00784",158.813679210148,3.06520495942459,0.184815848136153,13.8797889103905,8.39909356608394e-44,9.25100162778674e-42
"BPB1_00389",344.923391848937,3.06252550563762,0.121862547383519,21.0279988450676,3.63669872158347e-98,8.53359260886348e-96
"BPB1_04015",409.652525054571,-3.06077873323116,0.252316577818242,-10.1490704866639,3.34534409125823e-24,1.67174278338154e-22
"BPB1_00030",81.4639422484412,3.02395023032839,0.336547845127038,7.49952872042804,6.40476885406959e-14,1.54314899577739e-12
"BPB1_02183",1370.66110627908,-3.02005368607024,0.619339649506715,-4.06893646818412,4.72282218891374e-05,0.000498807658582534
"BPB1_02565",31.6089322606289,-2.97784495045423,0.343201449992182,-7.21979744115497,5.20650687154993e-13,1.13304506394173e-11
"BPB1_03985",478.742114722313,-2.97528500933495,0.319423287180636,-7.74923153281292,9.24503160492288e-15,2.43392368642775e-13
"BPB1_04003",1472.44098080982,-2.97428144205601,0.25037692313352,-9.88222640924672,4.97158427298864e-23,2.23597002677664e-21
"BPB1_04059",192.592296540796,2.96004946998223,0.499022190287401,4.92973963455497,8.23392797847501e-07,1.06312223205334e-05
"BPB1_05415",104.134174699764,-2.95623063145564,0.346467611156416,-7.08935136319786,1.34742030591002e-12,2.80773258339628e-11
"BPB1_04152",475.472949604791,-2.95243802343981,0.278257574850552,-8.81355350256674,1.21240208107753e-18,4.06418262830771e-17
"BPB1_04151",180.343549479766,-2.95092288531318,0.2542081176923,-9.64140290861931,5.34523966236099e-22,2.23629910525289e-20
"BPB1_03031",258.532643563703,-2.94702200851622,0.398652502159782,-6.13823316110892,8.34443295121453e-10,1.41175249647977e-08
"BPB1_05697",4619.33438055021,-2.94482136467237,0.443638179634103,-5.51084527190326,3.57114549658864e-08,5.28040335481888e-07
"BPB1_05719",514.386344597751,-2.9358517580788,0.546824733353601,-4.45453837309087,8.40738918178089e-06,9.7579955729186e-05
"BPB1_05775",31.0874840424023,-2.9257089281542,0.474240712345256,-5.11493185846144,3.13854236734709e-07,4.26667837697034e-06
"BPB1_04305",103.276265764081,-2.92302316450043,0.274043630211007,-8.84174232633966,9.42373551045915e-19,3.19873588364453e-17
"BPB1_04639",28.3627246485207,-2.9205620523889,0.606413903367482,-3.99160052061349,6.56288591090966e-05,0.000675952199640829
"BPB1_05783",29.7593776394621,-2.91886586928136,0.42911060732758,-5.63692863326219,1.73109810026009e-08,2.65418649065447e-07
"BPB1_04016",265.502778043832,-2.91285189724848,0.283140207322531,-8.5217564826459,1.57151542681477e-17,5.0186205671712e-16
"BPB1_04304",160.722710616877,-2.90557156990957,0.270860397677379,-8.88122291238322,6.61292840253856e-19,2.27324678907647e-17
"BPB1_04306",40.3064718018607,-2.90516599399023,0.371663234893579,-6.47135839163353,9.71257571636817e-11,1.73572089871652e-09
"BPB1_05940",459.848261119268,-2.89507347189308,0.140728316768538,-17.0191296740396,5.92446948270877e-65,1.06581205993931e-62
"BPB1_02209",38.1419597929747,-2.89283604215149,0.337825353545527,-7.08305642853125,1.41009222469476e-12,2.92702605256832e-11
"BPB1_00376",118.120875707082,-2.88814017104205,0.136219885485989,-17.5315091663888,8.2354328346552e-69,1.53264244857359e-66
"BPB1_02182",858.795604348762,-2.88535483594109,0.626129243307802,-3.80968444045099,0.000139144272574976,0.00137036795453859
"BPB1_02207",85.4225259128869,-2.87972643827861,0.319892114350366,-7.439153175474,1.01332771855968e-13,2.3986533759064e-12
"BPB1_00109",33.7125029786195,2.87139700961269,0.268487674133509,8.83242412250732,1.0243120662478e-18,3.45513263846212e-17
"BPB1_02208",75.6086348682897,-2.82914817818986,0.341103426705247,-6.82827551950252,8.59414148574489e-12,1.67446142955109e-10
"BPB1_05472",170.758857478846,-2.82609541825173,0.286321932683658,-8.12405601083209,4.50857538142573e-16,1.28067270176603e-14
"BPB1_05893",300.21499395006,-2.82479543271803,0.298899106032486,-7.77786010663197,7.37615694021535e-15,1.96104034514001e-13
"BPB1_00850",44.2648896471395,-2.81461144533039,0.622647949209203,-3.71736781317609,0.000201309256258203,0.00194358865120845
"BPB1_02267",194.146801352307,-2.81373171109839,0.180577982355271,-12.8129225995356,1.38806258632844e-37,1.31427610147624e-35
"BPB1_05413",94.2380496624173,-2.81281460509609,0.280789279580269,-8.23683371585035,1.76827980568392e-16,5.18663375612833e-15
"BPB1_03984",94.4892390915606,-2.81162635320641,0.296577361951438,-7.79434525277396,6.47433026117519e-15,1.72980002077042e-13
"BPB1_00854",26.6554638338655,-2.809266890679,0.410132645207503,-5.63053665116232,1.79649758543693e-08,2.74665650668644e-07
"BPB1_04153",221.559750686271,-2.80481697255225,0.2630463376758,-8.76201886297654,1.91784173112295e-18,6.38925421164849e-17
"BPB1_04021",282.196142235591,-2.80472145235037,0.282337614463329,-8.16299824850192,3.2680924537392e-16,9.33221956234417e-15
"BPB1_05989",143.667223817296,-2.79820895865926,0.475016310074558,-4.83816852162095,1.31041015187841e-06,1.66016046706286e-05
"BPB1_04300",76.519539656382,-2.78800458638379,0.349659298070354,-6.54352565200033,6.00851726883911e-11,1.09185076430723e-09
"BPB1_04018",349.87284645607,-2.78745498174055,0.279541669026099,-8.18287659836139,2.77146938592857e-16,8.08520014911161e-15
"BPB1_02550",35.5150892942291,-2.78239635809236,0.344682797105229,-6.62172982597551,3.55019502657251e-11,6.6070353649696e-10
"BPB1_04346",621.946020633243,-2.7730234256911,0.296398709188196,-7.66880338958514,1.73608308524421e-14,4.39889221176666e-13
"BPB1_01543",7006.14714409864,2.77166629695616,0.602911446243551,3.7678274498018,0.000164674459698885,0.00160713934718785
"BPB1_00390",540.954589079161,2.749734477447,0.0848477572152665,26.5149551536078,6.51657139334245e-155,2.19812098811682e-152
"BPB1_05998",327.988751642052,-2.73923433061685,0.281537825819984,-7.95358252162048,1.8119399018539e-15,5.0148921283618e-14
"BPB1_03227",989.764030134717,2.73441940814498,0.243703648239672,9.16859236324411,4.79235796312697e-20,1.77153122787646e-18
"BPB1_02118",1046.22825879149,2.73331016365393,0.365307800860813,6.1135025268865,9.74678269699524e-10,1.63873477307425e-08
"BPB1_04302",316.100114750281,-2.73088071159012,0.276477452358449,-8.06894266624614,7.09095520187448e-16,2.00365891227835e-14
"BPB1_01220",111.712801408161,-2.7084124197338,0.618301179505072,-3.5717422074167,0.000354614382128792,0.00328276813095899
"BPB1_04301",368.529846152631,-2.69929470610842,0.287189673938183,-7.65798670944492,1.8887042666942e-14,4.7632415548358e-13
"BPB1_04348",371.160112138448,-2.69918267674212,0.280935056481161,-7.82808206383313,4.95368573287747e-15,1.33587273336338e-13
"BPB1_04345",307.462795883648,-2.69737050193555,0.312406949144192,-7.03367997400514,2.01156214038899e-12,4.11227305745432e-11
"BPB1_02122",24.1182423843998,-2.69418687691447,0.47637952952515,-4.60596381859988,4.10559776732421e-06,4.91306233930128e-05
"BPB1_02566",184.842020412528,-2.68722446694716,0.204522567151472,-10.6942940205091,1.08240789372041e-26,6.21463340681817e-25
"BPB1_04347",1288.68219663369,-2.68239772199336,0.290910671427706,-7.50195141100456,6.28746807137924e-14,1.52168005297012e-12
"BPB1_00216",1074.38577290797,2.68026726697246,0.214771029128722,10.1515892335075,3.26010661422456e-24,1.64437340158598e-22
"BPB1_04889",1469.71896510303,2.66995431877301,0.194402871458675,11.1621515798149,6.24613319762785e-29,4.21379760844969e-27
"BPB1_04584",114.127970557784,2.66806969878715,0.441461101038072,4.91112284568006,9.05563298888719e-07,1.16642604393852e-05
"BPB1_04299",250.593986450924,-2.66263277132653,0.291482857597829,-7.41941666535465,1.17637289056514e-13,2.71319850016241e-12
"BPB1_05942",828.143351995042,-2.66172106720069,0.0895692022604631,-24.1346468724206,1.08236969319467e-128,2.78169011151031e-126
"BPB1_04157",75.8235601679224,-2.65776719808856,0.275663600885411,-7.82753758986665,4.9751791626096e-15,1.33587273336338e-13
"BPB1_04349",606.198282753566,-2.65402025128569,0.289731574207449,-7.43453749277395,1.04934462995076e-13,2.47306243137304e-12
"BPB1_02119",3095.82878656666,2.65242523110965,0.353596251431031,6.08723995913028,1.14873738335884e-09,1.90761097168852e-08
"BPB1_03994",108.58893204379,-2.63733471384501,0.295180022200228,-7.24078376955743,4.46099151948074e-13,9.82692703291328e-12
"BPB1_04298",58.6825200107492,-2.6268963238109,0.349925637518937,-6.0781380263851,1.2158607912927e-09,2.01288364742537e-08
"BPB1_05414",64.8494140644604,-2.62638745351033,0.32100481605639,-6.62416059557436,3.4922693062866e-11,6.52172229966394e-10
"BPB1_02955",278.736634950179,2.6259108748118,0.142318299282589,14.9377197839511,1.8727447493329e-50,2.65979037161833e-48
"BPB1_04222",245.278776635253,-2.61809688564539,0.501916149021592,-4.22002139156966,2.44279138251263e-05,0.000267962298606111
"BPB1_04344",265.374831413161,-2.61376933996689,0.284418652443688,-7.43189422284951,1.07053397396142e-13,2.51203124237816e-12
"BPB1_05941",2206.67749786032,-2.60970274050591,0.108287647802094,-19.4823951145526,1.54862593409942e-84,3.09553117271651e-82
"BPB1_05412",180.274079196078,-2.59341637858873,0.33496054127322,-6.24974025487132,4.11135850556614e-10,7.15774253372273e-09
"BPB1_04155",201.186936900262,-2.58908026360938,0.259760181745672,-8.04234216949683,8.81373705643543e-16,2.4774864007074e-14
"BPB1_04020",103.729252656706,-2.58749568888597,0.287992410038176,-7.24843994537652,4.21599286144964e-13,9.32529240706709e-12
"BPB1_04350",267.68477058434,-2.58065665811872,0.29894219293144,-6.96006354176944,3.40119296687237e-12,6.79860683044821e-11
"BPB1_04343",285.098164379234,-2.57452236680171,0.288961211131464,-7.17924166596153,7.00991423360345e-13,1.51937779593405e-11
"BPB1_04352",251.645548478638,-2.56592829578678,0.266836788373585,-7.74229186454745,9.76405307491402e-15,2.55808710899568e-13
"BPB1_05943",1974.90014461169,2.54091028196137,0.134271310294228,15.1998984555163,3.54169618085754e-52,5.30959285780226e-50
"BPB1_00217",521.15064301689,2.53769694394261,0.212334883428916,9.59661884583735,8.26099440733754e-22,3.37762021336369e-20
"BPB1_04156",37.3811548744729,-2.5359867162771,0.329106301735282,-6.1864106081893,6.15495607700611e-10,1.06128747436428e-08
"BPB1_03764",944.242567678132,2.53363783692803,0.185573655982826,10.9586558833342,6.0389605903252e-28,3.87738550533352e-26
"BPB1_00053",40.7692731634286,-2.52197565813097,0.279785982771347,-7.22686547089607,4.94269282643748e-13,1.07998838802766e-11
"BPB1_05051",1081.93804010039,2.51687152069323,0.125275269478457,16.0995185170212,2.57097409336799e-58,4.47598296190549e-56
"BPB1_05993",41.6905823703416,-2.51535989550821,0.339474613971049,-5.93670281242321,2.90811114294558e-09,4.74171475482698e-08
"BPB1_02121",64.4396919838399,-2.51477567020062,0.436099763638581,-4.61998798942338,3.83762258589147e-06,4.62313595894114e-05
"BPB1_01584",268.205203169782,-2.51421479760343,0.532520776916594,-3.78241541910562,0.00015531387580406,0.00152405270493547
"BPB1_02034",648.786380606502,2.51262250829383,0.0993631517076057,20.255220106306,3.19518845314869e-91,6.8977728326574e-89
"BPB1_01050",313.766958346449,-2.50849266241508,0.281828929834637,-7.12663765069669,1.02850378240714e-12,2.15985794305499e-11
"BPB1_03135",269.713487311942,-2.50668851324779,0.194350944889223,-10.3250772173584,5.42751168994608e-25,2.87179221476853e-23
"BPB1_05949",897.912753057657,2.50129493082892,0.143799652232783,13.9172445812958,4.97725127986192e-44,5.59629690779474e-42
"BPB1_03993",371.783984938357,-2.49713244513447,0.224771180795109,-8.885180200014,6.38172446765774e-19,2.20783121486851e-17
"BPB1_04019",84.8529307424059,-2.49529659234577,0.361843219777446,-5.51425723431544,3.50256003373668e-08,5.2075252071837e-07
"BPB1_00664",5316.93035118657,2.49008644443634,0.159627654569244,12.467053091813,1.12925437131746e-35,9.67394578095292e-34
"BPB1_03226",186.039985398181,2.48999126563235,0.201930081721736,9.85485297022065,6.53122155461249e-23,2.91314072150773e-21
"BPB1_05948",271.010118527328,2.48441715990577,0.173831413858451,11.4157568868516,3.48853777494891e-30,2.47732083834201e-28
"BPB1_02120",1111.85171079913,2.47909119284483,0.28870000678361,6.85518235657064,7.12216078105194e-12,1.39269209186005e-10
"BPB1_04590",1725.62032343557,2.46179038338207,0.137914738774922,14.2246608361687,6.44158937620995e-46,7.90119496895571e-44
"BPB1_02564",28.8680964233419,-2.45968496054783,0.296723327042073,-6.60441826425722,3.99081318019281e-11,7.37617079914404e-10
"BPB1_02211",11.075516665963,-2.44400569746802,0.453566609091675,-4.28604235519262,1.81884324551916e-05,0.000203235962651488
"BPB1_00225",282.560850735022,-2.44193889488701,0.162503463811113,-11.9501384730127,6.48171492618562e-33,5.06982832704692e-31
"BPB1_04303",168.145213631661,-2.43565508671168,0.231795934219899,-8.35068610338685,6.78675656335184e-17,2.04626397611228e-15
"BPB1_04351",305.752430307965,-2.43222085451863,0.260219270901966,-7.42535649962133,1.12476552966942e-13,2.605304533745e-12
"BPB1_05435",556.356574888332,-2.42759338867734,0.252864805870133,-7.62301966872891,2.4780910313125e-14,6.16325221013529e-13
"BPB1_02569",15.5177071545354,-2.40423112493175,0.373972415923946,-5.09190262128588,3.54488165121386e-07,4.77100405775591e-06
"BPB1_05436",80.4734268846772,-2.39937583815288,0.358450521120065,-5.29885082107795,1.16533794391238e-07,1.64642117363746e-06
"BPB1_04297",131.791498016128,-2.39188333924075,0.260623202133702,-7.25907487803101,3.89746692198799e-13,8.69199544544182e-12
"BPB1_03411",1372.33123147403,-2.39021363265203,0.398657154844243,-4.74145167014634,2.12192279853293e-06,2.6387136736595e-05
"BPB1_01735",30.4338269390359,-2.38453210746563,0.283314294116625,-6.65173676937694,2.89654412078975e-11,5.44691589543634e-10
"BPB1_02205",174.456363634354,-2.38426562847087,0.265146444139061,-7.10650913908779,1.19014780980309e-12,2.48962315097181e-11
"BPB1_02091",295.818109748649,-2.38164434471155,0.189994868245871,-9.9036587781757,4.01318462094726e-23,1.82009726044138e-21
"BPB1_04341",167.558024404714,-2.37442293030161,0.223044902908065,-8.40379181887968,4.3228874279397e-17,1.32560360503355e-15
"BPB1_00032",52.9431760854679,2.36936990607038,0.441922632785588,4.23008410835876,2.33603952804869e-05,0.000258352568296697
"BPB1_01677",499.822205233093,-2.36053498011994,0.207391189172493,-8.97113800997823,2.93466478979799e-19,1.04199907043025e-17
"BPB1_04017",36.2580969335158,-2.33844948365317,0.395388516888786,-4.64972907690764,3.32371337151358e-06,4.0129935270825e-05
"BPB1_05718",1170.90426867441,-2.33778745785983,0.411285959583356,-4.46839337701087,7.88092779460424e-06,9.16667398868084e-05
"BPB1_04767",174.084458395608,-2.32634812753647,0.439137114336444,-4.15894732627227,3.19717609271298e-05,0.000345103187447439
"BPB1_03765",52.8561158358535,2.32492282848782,0.296473008465685,6.15544341770677,7.48677228143906e-10,1.27063239002914e-08
"BPB1_00226",65.459092548366,-2.32173460840883,0.198682870804844,-9.16905720673939,4.77173958568683e-20,1.77153122787646e-18
"BPB1_04546",574.484155218156,-2.31649683769132,0.187725455978886,-9.67634798498306,3.80049764450862e-22,1.61506187302465e-20
"BPB1_02551",9.78220260119622,-2.29813028685252,0.427428569083767,-4.20685564071438,2.58948436762541e-05,0.000283477629453841
"BPB1_05474",68.3118894885787,-2.29072576428071,0.363104147770222,-4.93171387679635,8.15112537000692e-07,1.05495500292392e-05
"BPB1_03983",275.415633689086,-2.28558420252348,0.201517328709509,-8.86069805489252,7.95149622086176e-19,2.71609019645512e-17
"BPB1_01549",10.2197325149966,-2.27172212750764,0.501037254840202,-3.53610856356919,0.000406067782651215,0.00373347158938434
"BPB1_01281",52.0950202602453,-2.25328061484784,0.274057652025489,-6.39748827259445,1.5795360767252e-10,2.804196120423e-09
"BPB1_05411",119.196181457839,-2.23226584394033,0.368332428752723,-4.70299574166267,2.56371768562828e-06,3.15899186057896e-05
"BPB1_04738",437.099416578522,-2.22977821763825,0.2978172872777,-5.80818606418008,6.31533113719389e-09,9.96603571562439e-08
"BPB1_00330",1096.70026323923,2.22541781685648,0.120466711153031,14.3227768098081,1.57694187719897e-46,1.97924542121926e-44
"BPB1_00375",78.9123216819665,-2.22492643685009,0.167632262994011,-10.2899430338879,7.82226373814726e-25,4.09871431017289e-23
"BPB1_04585",1597.96617059498,2.21142508495389,0.496168585565335,3.44928142317573,0.000562080574396957,0.00505591476670063
"BPB1_04154",35.261666735566,-2.20944596082537,0.338257268209262,-5.05368582285074,4.33364271241977e-07,5.74660189654288e-06
"BPB1_04342",262.52980102612,-2.20209742229155,0.23875208000248,-7.12914175354563,1.00996680529877e-12,2.12921517507714e-11
"BPB1_02287",28.6038406435453,-2.17024312567966,0.447915997464657,-3.72892045636627,0.000192301837147825,0.00186329087089194
"BPB1_04739",1777.71365835277,-2.1682206376964,0.264386682741421,-6.30977559232048,2.79440350610281e-10,4.89655705273924e-09
"BPB1_00845",32.9450429616945,-2.15752715477519,0.495163458175862,-3.3474343217518,0.000815633123634889,0.00711142482755654
"BPB1_02204",179.901893295062,-2.14857739610936,0.250636770526383,-6.57755600922821,4.78243735393395e-11,8.77918857115018e-10
"BPB1_03953",39.7634501401199,2.14227352781596,0.199121448566414,8.24759733137543,1.61610858040152e-16,4.79238352111372e-15
"BPB1_02203",399.829267474774,-2.13310976182651,0.228816776482275,-7.13719416440173,9.52552500024548e-13,2.03198649906422e-11
"BPB1_05387",73.7319821949475,2.1311864203027,0.236826401115859,6.88768825019933,5.67063081377955e-12,1.11288707279884e-10
"BPB1_05851",16.6245748544685,-2.09467349004611,0.397593911380417,-4.01080963365238,6.05108861843061e-05,0.000628033178339808
"BPB1_05782",42.2832125305822,-2.07881416992778,0.305233126029985,-5.17248632369176,2.30999411921248e-07,3.19667647727943e-06
"BPB1_00658",5623.83021417654,2.06563900019584,0.197912456261283,7.91076534429392,2.55811310170219e-15,7.00819107100849e-14
"BPB1_00186",307.603374669445,-2.04905836933393,0.153861615997751,-10.0678675398585,7.6621312448888e-24,3.65951525032432e-22
"BPB1_03410",711.496211808599,-2.04750585697846,0.377486051994566,-4.09950473349075,4.1403520270056e-05,0.000440739248318525
"BPB1_05685",362.596183903245,-2.04506356180206,0.162031956547755,-9.53554838638693,1.49095464228316e-21,5.87349066014762e-20
"BPB1_05439",86.0594150405348,-2.04149390399507,0.291122988909607,-5.29499202302331,1.19021606037048e-07,1.67717913258995e-06
"BPB1_03065",280.686053845067,2.03703836791378,0.103363822947136,14.8701772447007,5.14768763252494e-50,7.12360773147105e-48
"BPB1_05437",119.072508299617,-2.03562828021845,0.248521819435077,-6.17904811621424,6.44892408066642e-10,1.10491565915418e-08
"BPB1_02567",17.2588690346597,-2.03335437356937,0.328724086267823,-4.66456349754696,3.09272824385035e-06,3.75088861394614e-05
"BPB1_01688",584.085315457728,-2.03159553747249,0.185133896687399,-8.27290714924351,1.30731508102184e-16,3.89811021672645e-15
"BPB1_05686",449.978337178558,-2.03102469441477,0.138484688260522,-11.0555521599222,2.06064915114706e-28,1.35625895960252e-26
"BPB1_02753",10.0157223868551,-2.0123386659238,0.417163944326902,-3.62528614107333,0.000288641676712611,0.00271867212778003
"BPB1_02210",45.5905611116028,-2.00626874640067,0.32017572712155,-4.70450636574595,2.5448092700439e-06,3.14286856531509e-05
"BPB1_05687",352.630418436783,-1.99979202724922,0.120034032241649,-12.4947233650361,7.9773290648874e-36,6.94413628438666e-34
"BPB1_05688",156.363579815417,-1.99043092041138,0.162048308702385,-9.19744817052476,3.6655091525034e-20,1.37380228444867e-18
"BPB1_03079",1733.66088473367,1.98968131136122,0.192914156335022,7.72199064942743,1.14526797377921e-14,2.97164002619538e-13
"BPB1_00843",228.500842939785,-1.97979313480494,0.425061162857909,-3.48136518720157,0.000498864834640087,0.00452499750008832
"BPB1_05882",1307.6965373604,-1.97030614341868,0.271217262965338,-5.42113775260163,5.92209018641677e-08,8.59180664948691e-07
"BPB1_00812",48.9411769091748,-1.96791675344147,0.171598345318074,-8.55437592198543,1.18508115761829e-17,3.80707321884875e-16
"BPB1_02553",16.9885552882724,-1.9677225662026,0.361154715416147,-4.06397176487476,4.82446644851936e-05,0.000506568977094533
"BPB1_05693",144.566536380427,-1.9665479176262,0.164144395119161,-8.93449889995665,4.09027716492044e-19,1.4334562246153e-17
"BPB1_02714",198.744214764905,1.9591726177938,0.196354850288994,7.4313041702112,1.07532114100687e-13,2.51234121126151e-12
"BPB1_01280",60.8044171620864,-1.94616084992559,0.23958639743705,-6.03607243731592,1.5791038962316e-09,2.59040234892461e-08
"BPB1_05684",275.698915811189,-1.94046657616847,0.189908181090701,-7.58506857311481,3.32311265899013e-14,8.15219955480441e-13
"BPB1_05410",16.9757525298653,-1.93346555978586,0.39743763582778,-3.60676853564773,0.000310033986834823,0.00289984270388926
"BPB1_02149",3475.0500424408,-1.9299684777351,0.234259118812236,-6.10421692434203,1.03305903477729e-09,1.73149677350715e-08
"BPB1_00663",597.592450681553,1.9269948524015,0.106762864795786,13.3660224941606,9.55134212420383e-41,9.91319104698617e-39
"BPB1_05386",142.22256171288,1.92543441128431,0.196068288140244,7.27009158291179,3.59243859348416e-13,8.04497555561578e-12
"BPB1_00063",167.807473053095,-1.91238682386541,0.379897195528357,-3.71781324129301,0.000200954737858311,0.00194358865120845
"BPB1_02202",168.606643306456,-1.89375849519835,0.256876323726752,-5.42579586541007,5.76968702991833e-08,8.39326169823968e-07
"BPB1_04867",722.517214538716,1.89037709092366,0.122221317868128,11.3758967353291,5.51332527945077e-30,3.81479699143536e-28
"BPB1_00338",1155.16456007755,1.88663731477585,0.137670730106887,10.0721287211833,7.33725572441764e-24,3.56749271573712e-22
"BPB1_00031",678.15729602047,1.88568291165218,0.361302611953282,3.83524188812494,0.000125440779407717,0.00124677146888978
"BPB1_01279",13.1209709979983,-1.8831416851572,0.359633574607073,-3.84597485556901,0.000120074076878749,0.0011956453743812
"BPB1_01687",302.24947401643,-1.87745015239588,0.192188936581278,-7.16716673133441,7.65657633577973e-13,1.63978343191282e-11
"BPB1_05052",1066.61538726579,1.87694785860714,0.125660913054253,10.957646456163,6.10668460169259e-28,3.87738550533352e-26
"BPB1_00811",18.0834865589549,-1.87243083792149,0.293790061814329,-4.6714678823576,2.99054865409605e-06,3.63681318754964e-05
"BPB1_02212",54.2911864379207,-1.87048314791879,0.243639286832136,-5.62504990774755,1.85454349031055e-08,2.82739299921074e-07
"BPB1_01551",53.4843726985806,-1.86330161770701,0.283553555191753,-4.80791579842855,1.52511973216518e-06,1.91866461410151e-05
"BPB1_02150",769.040179447753,-1.85546126221092,0.21289304843613,-6.36686482798697,1.92931057938373e-10,3.41393088424066e-09
"BPB1_01877",626.941737000569,-1.84477915001949,0.187583920569835,-7.16894681556059,7.55769077442382e-13,1.62505406811017e-11
"BPB1_04591",1154.25116363046,1.84359991526866,0.153405025304067,8.75851304483332,1.97842830001681e-18,6.55066106453417e-17
"BPB1_05826",47.4967485811016,-1.84024703004275,0.200069785128402,-6.69889773302148,2.09997484479086e-11,4.01899441040292e-10
"BPB1_04740",1829.39531722577,-1.84011068863675,0.280150113208746,-4.78354505478356,1.72230263994175e-06,2.15667455864631e-05
"BPB1_04382",87.8786576517667,-1.83571747223196,0.403155471900428,-3.31315724411612,0.000922490999026049,0.00799146696909083
"BPB1_00071",180.583802511619,1.83539262749439,0.191667426846126,6.96723824944168,3.23223047554419e-12,6.48488768643568e-11
"BPB1_03299",500.136649884891,1.83470369117779,0.149567828801159,8.9237351499713,4.50821137392317e-19,1.56973011516538e-17
"BPB1_00960",31.8232248658246,-1.83002920747636,0.258374346288965,-5.14768291271788,2.63723797936133e-07,3.61248055193226e-06
"BPB1_03202",118.632743386071,-1.82633522582502,0.396070221103175,-3.34873756004876,0.000811806522106937,0.0070895142391766
"BPB1_03977",1666.75010719953,1.82485864230627,0.0896502903473648,14.778074194438,2.02884665921437e-49,2.73742135494499e-47
"BPB1_01552",157.799988073818,-1.8208267983213,0.294501974174404,-4.48495057469158,7.29308379414035e-06,8.5381286848103e-05
"BPB1_05850",177.719737282387,-1.81784160601061,0.37026819288935,-3.55915423284665,0.000372051004147902,0.00343240900749783
"BPB1_03976",91.4078114563,1.81392754972639,0.154925571554185,8.48102438187128,2.23219828150751e-17,7.00417100307909e-16
"BPB1_02571",109.388720711562,-1.8129465102861,0.182935439830952,-7.17710308893333,7.12039990172239e-13,1.53715193078383e-11
"BPB1_05239",13.3323931944723,1.80665718452327,0.301938787456286,4.32755657373914,1.50772625830109e-05,0.000171670856878712
"BPB1_05471",99.6160142862631,-1.79879849243049,0.221671610093002,-5.85911065420413,4.65352554147969e-09,7.43049625661713e-08
"BPB1_02158",2545.86050463701,1.79699448904875,0.115656742011785,11.2141710590169,3.47426249271363e-29,2.37349299660449e-27
"BPB1_01857",51.1731457181241,-1.79000785270318,0.167165211784571,-7.71696358908478,1.19133666331206e-14,3.07638467554794e-13
"BPB1_05825",39.4951085432262,-1.7789946447002,0.252544852377993,-5.06442571549976,4.09633327066463e-07,5.48583391111093e-06
"BPB1_02568",71.2263186422421,-1.77734269882801,0.20127037431239,-6.34640196398429,2.20408889995893e-10,3.87474520947177e-09
"BPB1_03078",1528.9699919989,1.76603757817981,0.215369996915377,5.8784305906698,4.14174404710962e-09,6.63293549621681e-08
"BPB1_03139",1445.32902797477,1.76043134675975,0.163520439382385,7.70809662400849,1.2770804640806e-14,3.26654183158437e-13
"BPB1_05027",874.315474684879,-1.75698177758849,0.357886448593867,-3.51223630435622,0.000444352717738218,0.00405096557032629
"BPB1_03777",74.6590670159415,-1.75409399308975,0.170173707495638,-7.36949327569824,1.71277804309978e-13,3.88397609185273e-12
"BPB1_00780",104.445481725174,1.73716018816934,0.160496909394005,7.7083115982765,1.27493156036889e-14,3.26654183158437e-13
"BPB1_03233",7513.9139269576,-1.7279562607804,0.149059764530975,-8.23801288459185,1.75094333475144e-16,5.16384763806204e-15
"BPB1_05438",96.4521726016865,-1.72556247238052,0.265346372004564,-4.61872707405791,3.86101300473479e-06,4.64095482996741e-05
"BPB1_04145",267.976060655547,1.71584455447601,0.290166943515828,4.19015529385995,2.78763603563183e-05,0.000303936801703131
"BPB1_04757",52.1037618368354,-1.70767112462749,0.214013706516367,-5.64296158543066,1.67149651535103e-08,2.57010447103975e-07
"BPB1_05776",26.7351949925713,-1.70495384507011,0.359576911109572,-3.3510323044711,0.000805109097175719,0.0070538535673009
"BPB1_02261",29.8270140427717,-1.7018640393512,0.217951225267168,-5.51437156583055,3.50028406738439e-08,5.2075252071837e-07
"BPB1_05596",239.009511190577,1.70165458043201,0.121102115456996,9.92265556961906,3.31808479652237e-23,1.51760200396875e-21
"BPB1_05391",14.4230606054525,1.68670691546216,0.26489179905466,4.47996849920329,7.46540561319084e-06,8.70211535516004e-05
"BPB1_04387",198.818508240829,-1.6838519153347,0.274709405995292,-4.30946989618181,1.63646331531084e-05,0.000184769717839594
"BPB1_01282",80.9562245660019,-1.67937596320814,0.259549881244738,-4.54392796310344,5.52155341554737e-06,6.54941182059542e-05
"BPB1_02570",33.709167036602,-1.67924248966955,0.290866478555957,-4.05423992315665,5.02975739380128e-05,0.000526077532060959
"BPB1_03978",700.18020385471,1.6773483371184,0.0900135932937584,13.0796726809487,4.30289044389165e-39,4.30049994920059e-37
"BPB1_05961",1099.46263161769,1.67005986118843,0.172122688145684,6.79782470163432,1.06210575740406e-11,2.06193696860061e-10
"BPB1_05595",304.638533412148,1.66992530364432,0.112950903235749,10.3578215855652,3.85644913061871e-25,2.08132559579492e-23
"BPB1_05689",182.191544555834,-1.66703167366441,0.119754291578251,-9.74521796491802,1.93363462865268e-22,8.48441145596629e-21
"BPB1_05470",27.678120497595,-1.65357987617203,0.305893784126927,-3.77117789256341,0.000162478789312,0.00158858338028417
"BPB1_00064",391.847176244513,1.65294033160106,0.124686155673404,9.24673894526831,2.31446168139555e-20,8.73506971642782e-19
"BPB1_00961",74.7775762365747,-1.65103388824618,0.224699037644295,-5.12255815740654,3.01418084794136e-07,4.10796314048978e-06
"BPB1_05962",203.468872284232,1.64678000920887,0.163812865073278,7.00054912473375,2.54961214302455e-12,5.15365420820357e-11
"BPB1_04385",76.7103202677122,-1.64434036388765,0.241887654688961,-4.73087543619841,2.23553670212795e-06,2.7736072600884e-05
"BPB1_03535",21.5623798231333,1.64319271822597,0.274382203106951,4.16642444473836,3.09414377093367e-05,0.00033532317131986
"BPB1_00232",2859.60190597568,-1.63434562689692,0.0939996966517292,-12.0675456124044,1.56739600977963e-33,1.24400533305598e-31
"BPB1_02148",1343.02417666322,-1.62606102785801,0.257264927107735,-4.37704836223732,1.20297289472056e-05,0.000138137121549082
"BPB1_05691",38.4310212706701,-1.62338624956949,0.222459663218765,-5.04984244476159,4.42174607049535e-07,5.84905969178025e-06
"BPB1_05951",358.204946920192,1.62277274100911,0.107895722454922,10.4060913209807,2.32575724352802e-25,1.26789008518391e-23
"BPB1_04198",22.3338510179418,1.61697365884999,0.278635493796573,4.00872711380221,6.10469104068951e-05,0.000632380375174689
"BPB1_05792",1345.89738650048,-1.6107794568069,0.135768423905173,-8.18142705687388,2.80501878442572e-16,8.13907869868042e-15
"BPB1_00620",1495.49401999789,-1.60625265852729,0.0715811033643587,-15.4545348776798,7.03173260958643e-54,1.08429316839823e-51
"BPB1_00391",338.754409991914,1.60297411220892,0.0754658958559424,14.6155306274294,2.23605434915294e-48,2.94341105423864e-46
"BPB1_05154",80.0301472427307,-1.59763974944346,0.259691568223687,-4.22670538343395,2.37137825610633e-05,0.000261190376493997
"BPB1_04869",270.420314051952,1.58555722333698,0.113553832424187,9.5598466398018,1.17931328163337e-21,4.71463243035209e-20
"BPB1_05599",16.8984190912145,1.57295045399797,0.302117059832896,3.55143948041674,0.000383130091609033,0.00352858891538217
"BPB1_03080",982.837627849349,1.56700672434044,0.13782682045787,7.74164796659871,9.81363973975085e-15,2.55865766547997e-13
"BPB1_01544",992.766564633768,1.56488335165212,0.149331327469553,7.13101108586367,9.96342934469388e-13,2.10873051660051e-11
"BPB1_04672",858.051145539871,1.56123335574747,0.084743508194486,12.5228867479966,5.59621120870932e-36,4.95127080219741e-34
"BPB1_00662",1229.94715266545,1.56004608985051,0.104196422994567,10.1735362825822,2.6028369007678e-24,1.32523686353243e-22
"BPB1_00650",153.568960784317,-1.55828299687518,0.139509711690782,-7.58572993986848,3.30620421243567e-14,8.14775531256406e-13
"BPB1_04038",621.315029783466,-1.55782379788175,0.173528444103356,-6.09596774377632,1.08777348145188e-09,1.81755835275412e-08
"BPB1_03371",82.2985931812892,-1.55043346815577,0.280740194287888,-3.74165683977048,0.000182811030969129,0.00178092262480214
"BPB1_03200",1578.77450182842,1.5467057449014,0.0975775413594704,10.7269124669312,7.60963666996475e-27,4.416043990086e-25
"BPB1_01694",158.344052294877,1.53915088097888,0.150790929584605,6.89133546587655,5.52710243972894e-12,1.08867780537289e-10
"BPB1_00588",2713.06944354011,-1.53897210544198,0.193932282192345,-5.35739637411946,8.44297620738687e-08,1.20228872272472e-06
"BPB1_02157",1088.72299611256,1.53840683739281,0.107203523040601,9.68631261306159,3.44751187203012e-22,1.48849772586773e-20
"BPB1_04868",647.353770304967,1.53301941234379,0.119875410617105,8.61744211782824,6.84663547892218e-18,2.22598142649054e-16
"BPB1_04340",24.3932440993726,-1.52638383544331,0.25214646959472,-4.07058578727293,4.68950676110702e-05,0.00049634487060964
"BPB1_05728",1505.63754071464,1.52063606069618,0.137432239174546,7.42646752193217,1.11536267212325e-13,2.59466049200396e-12
"BPB1_04290",513.32779258799,1.51834672319674,0.155452937047379,6.55083617292073,5.72158003977148e-11,1.04322187414347e-09
"BPB1_02507",171.316213504333,-1.51721242056022,0.144244829644363,-7.05198531599479,1.76382820593669e-12,3.63335146085509e-11
"BPB1_01935",101.257413352395,-1.51613013729409,0.188554470467185,-5.38905354392503,7.08297028955697e-08,1.01938108407304e-06
"BPB1_00072",206.43978624061,1.51230178490423,0.20024932323595,5.05520702165595,4.29924152578173e-07,5.71927724304411e-06
"BPB1_05944",798.882422549916,-1.50955476437703,0.101299195345316,-9.96606893999102,2.14553291546678e-23,1.00690792563254e-21
"BPB1_05952",15.4183862564108,-1.50696394266075,0.295427150916144,-3.40850168827771,0.000653206809978259,0.00579828479186293
"BPB1_00802",957.874612329534,1.50557411286855,0.169780701392201,5.92278218091248,3.16539996706091e-09,5.13022931598431e-08
"BPB1_02163",1595.53617877367,-1.50297992780984,0.229985409020796,-4.36105895621902,1.29434481678148e-05,0.000148313778687254
"BPB1_00456",32.7590784888353,-1.50065376127997,0.180474590103678,-5.54456868806364,2.94679640562624e-08,4.4300446242799e-07
"BPB1_02117",254.230830817927,1.49601957203298,0.183445205762514,5.4295208636982,5.65055473754887e-08,8.24217403204088e-07
"BPB1_04037",658.218891816555,-1.49351758050035,0.16643115953313,-5.96954069951415,2.37922407489171e-09,3.89111282793654e-08
"BPB1_05690",38.2858547485247,-1.4919336564475,0.193452218311568,-5.12753828880848,2.93555291318657e-07,4.01093141075137e-06
"BPB1_01488",208.647306905301,-1.48709834250955,0.183877611301755,-5.36823561890661,7.95106368534896e-08,1.13824643792648e-06
"BPB1_03793",1518.30405628955,-1.48403272522966,0.102128214790131,-9.63526805253377,5.67437071345621e-22,2.35573682619409e-20
"BPB1_00927",1604.89149586579,-1.47817712584602,0.225585002475921,-4.3361797775117,1.44980381733924e-05,0.000165775237334319
"BPB1_04913",666.990598231208,1.47740824914736,0.0752684071802628,12.9856374774416,1.47604039124602e-38,1.44839818028269e-36
"BPB1_03991",537.996995546342,-1.47327602535507,0.181182513777298,-5.37179888425314,7.79550254597894e-08,1.1189448734215e-06
"BPB1_01643",140.034634355313,1.46402554198155,0.192883273931995,4.99797376065608,5.79358661800432e-07,7.58931722751682e-06
"BPB1_05465",1105.83526516471,1.45324489082115,0.135678406686313,7.02576713643931,2.12893267477562e-12,4.31949234803158e-11
"BPB1_04386",101.555341878038,-1.44952619783508,0.268742616855765,-3.53321780127149,0.00041053410915689,0.00376811664476146
"BPB1_05822",28.4432771044022,-1.44817208065944,0.22156746810279,-4.27938310970617,1.87412031513359e-05,0.000208979903735042
"BPB1_00771",27.804771198873,-1.44770324773252,0.275652171155222,-3.43804020755875,0.000585940688123384,0.00525130929251951
"BPB1_04911",223.237872798264,1.44753724384776,0.111699871475296,8.48288571269588,2.19676411584931e-17,6.93329586739108e-16
"BPB1_05778",77.4215054365581,-1.4448993652904,0.209800014506729,-4.5038098186599,6.67459428713709e-06,7.84810138729387e-05
"BPB1_02407",12474.5867576378,-1.43622077227045,0.14490909379989,-6.46074547649373,1.04188432069647e-10,1.85579197320093e-09
"BPB1_02497",170.324604328941,-1.4297639086893,0.239021526421023,-3.88987520333868,0.000100295786952084,0.00101176890127177
"BPB1_05960",129.589801987916,1.4240022442353,0.183870608435935,5.02528518339703,5.02684970282454e-07,6.61705069418147e-06
"BPB1_01599",26.811936949614,1.40841843451546,0.216174936551258,4.20223754431432,2.64289583640525e-05,0.000288739045123059
"BPB1_02147",2879.29459922536,-1.40627642521732,0.260724991265368,-3.4759860219725,0.000508978813673362,0.00460899103589788
"BPB1_05821",30.7622549451594,-1.40214422363597,0.213611620153975,-4.22329189294894,2.40759678795189e-05,0.00026463950844351
"BPB1_02032",116.579898542745,1.39962986944277,0.243033429919615,3.70167128752754,0.000214183988680739,0.00205685228987535
"BPB1_03992",333.663487819023,-1.39935511804152,0.181637941072574,-4.95136155326808,7.36960396720851e-07,9.5840367737408e-06
"BPB1_05883",405.126772764287,1.39152018018761,0.102646293781621,8.6853616174814,3.77539398953912e-18,1.24242691228919e-16
"BPB1_03232",1298.86511234307,-1.38891363342034,0.0915694269744173,-9.70753736035378,2.80020726071221e-22,1.21876762790837e-20
"BPB1_05879",219.548074746706,1.38426497021438,0.208065738839518,4.24993069568467,2.13836667389138e-05,0.000237464299156209
"BPB1_05827",42.2285833233837,-1.37985229237007,0.164206562960991,-5.35820418200393,8.40532190505994e-08,1.20009318311134e-06
"BPB1_01878",1594.14303641875,-1.37776842457394,0.192141152849298,-4.5683520243183,4.91573930534027e-06,5.84366630637036e-05
"BPB1_02033",259.055353822609,1.37515015887685,0.147947277779576,5.91528395798349,3.31303511677087e-09,5.33744791797385e-08
"BPB1_00427",58.9473421347626,1.37359707190747,0.158762481066693,5.50254106661691,3.74355989347563e-08,5.52021659701857e-07
"BPB1_03077",1377.44969152125,1.3607513749608,0.206195048484466,4.17445220575045,2.9870391761819e-05,0.000324367211948767
"BPB1_02087",363.455658854616,-1.35994316472009,0.238687358744894,-3.6028014606303,0.000314805976802272,0.00292932389103769
"BPB1_04356",275.794143152543,-1.35713561745974,0.224139919109024,-3.82410960469214,0.000131245524118229,0.00129493984216834
"BPB1_01513",361.304989558566,1.35240961387392,0.174476042011098,4.88553960789468,1.03145967075241e-06,1.32227739739923e-05
"BPB1_04435",1177.70713006014,1.35146180346867,0.11414292401336,7.45961092926802,8.67783431989467e-14,2.08152319219874e-12
"BPB1_04287",1415.61294219238,1.35012811383988,0.13665044352952,6.22118810508089,4.93404186514361e-10,8.56238712095822e-09
"BPB1_04714",1486.59805006106,1.34799360048528,0.0936041665901023,9.05935741299522,1.31221298994726e-19,4.72134233783023e-18
"BPB1_00716",113.141526838806,-1.34412197051951,0.113174568477615,-7.45858351283635,8.74575795141687e-14,2.08853343645119e-12
"BPB1_00618",639.391458754232,-1.34091842725066,0.0930702013808246,-9.03531328797487,1.63533321149325e-19,5.84496247842986e-18
"BPB1_04111",68.319124990635,1.33677696144328,0.212221184054608,3.94294737903243,8.0486319909573e-05,0.000824259333115684
"BPB1_00803",1474.80697111849,1.32628545903653,0.157947556746791,5.23139120386115,1.68239041546018e-07,2.35840547330873e-06
"BPB1_00229",218.060943852097,-1.31812508880112,0.1839051634461,-4.44862489704318,8.64217904551535e-06,0.000100089786070056
"BPB1_05820",105.995933126932,-1.31630462576327,0.15251102020251,-5.3524304321048,8.67806706347482e-08,1.23251389319931e-06
"BPB1_00156",207.192500666251,-1.30982702912061,0.208351071253848,-3.8868388064775,0.000101558144220366,0.00102259198574126
"BPB1_05502",29.2131392308618,-1.30192003481346,0.220945401180604,-3.62949412175343,0.000283977197467523,0.00267941422155982
"BPB1_00065",212.48305071226,1.2992013889165,0.157829374638297,5.06370497094132,4.11185832983621e-07,5.49299490250644e-06
"BPB1_04022",651.093711274478,-1.29545827836508,0.16950675013897,-4.69278230933531,2.69514236194944e-06,3.30583711987298e-05
"BPB1_01700",115.753858800408,1.2933264032088,0.18460731566972,4.29737250840123,1.72834607931892e-05,0.000194330912293421
"BPB1_04035",365.972738489025,-1.29008117565885,0.180123904788305,-4.38632049747874,1.15284218571649e-05,0.00013266288435633
"BPB1_03794",2299.63612722186,-1.27710384861809,0.059918665198464,-12.969311750256,1.8266310100612e-38,1.76041563594648e-36
"BPB1_02159",781.210402929989,1.27592692839796,0.0761564406374218,10.1885923489009,2.22969232136602e-24,1.14606185318213e-22
"BPB1_05996",223.301080324504,-1.27462463673179,0.165368470588093,-4.68423414679366,2.81008632561342e-06,3.43901040801262e-05
"BPB1_02213",101.540442774042,-1.27240956859546,0.229607033929364,-3.36405011369591,0.000768075951615758,0.00675131255842059
"BPB1_05467",1440.39829157343,1.27179744169471,0.0943916867343435,8.17654041787451,2.921095690682e-16,8.43056333829452e-15
"BPB1_03083",761.203678437066,1.27143220481753,0.0761292445654159,10.1331913802804,3.9358953746675e-24,1.93109339428004e-22
"BPB1_04756",47.886068590361,-1.26993626281147,0.183922831204672,-4.18619188149988,2.83673565584048e-05,0.00030866657932603
"BPB1_04375",1624.53618154524,1.26707351721258,0.0909611418405736,8.43298030006071,3.3697144618e-17,1.04519246841003e-15
"BPB1_02160",157.01327068419,1.26608567778028,0.138909286011684,5.51500695004539,3.48766175994966e-08,5.2075252071837e-07
"BPB1_00246",4190.53666727862,-1.26346648297068,0.0967700881832691,-7.88948834607636,3.03427964174694e-15,8.27071072045871e-14
"BPB1_04634",149.012114508361,1.26329444975445,0.104584089965645,7.29838018388057,2.91252700000877e-13,6.54954509126971e-12
"BPB1_04190",646.188179307498,1.26200715015187,0.0693984650453075,10.9801729714682,4.76011498638877e-28,3.09522175681207e-26
"BPB1_02330",624.556694338349,1.26080368038796,0.196167641095205,3.87833424585415,0.00010517414926744,0.00105506483939847
"BPB1_02156",1130.52921561698,1.25784759419295,0.112795200386221,6.71879292379474,1.83236086388833e-11,3.53187556514476e-10
"BPB1_03955",981.83545131756,1.25566631284048,0.0593196382857132,12.738889424794,3.59475441904255e-37,3.28828637280893e-35
"BPB1_03795",628.956271098826,-1.25328183391685,0.0894959246023514,-8.41694007033097,3.8644523882453e-17,1.19179711653485e-15
"BPB1_03370",208.088210203701,-1.24728193064277,0.190824931409216,-3.91606026070178,9.0007759185095e-05,0.000914824625841728
"BPB1_03791",821.34676778185,-1.24603219837241,0.0629048076194935,-11.8597008178628,1.91658726924427e-32,1.47768878458733e-30
"BPB1_05030",59.3269042363648,-1.24359146242735,0.182676097406746,-4.07054602645506,4.6903072820255e-05,0.00049634487060964
"BPB1_04058",46.5919041359501,1.23910779270701,0.205614256910172,3.59463299779796,0.000324849169348875,0.00301757481407208
"BPB1_05692",38.4349659360059,-1.23749470831015,0.214170204479797,-3.4434981752082,0.000574240469110355,0.00515669852211079
"BPB1_01747",90.4211142826147,1.23716371102366,0.127968407317532,5.7605132897725,8.38585269099522e-09,1.31948824995047e-07
"BPB1_05370",115.074914309511,-1.23397143871852,0.166233374575704,-4.41530733880555,1.00866580118673e-05,0.000116568936381259
"BPB1_02328",404.694859628729,1.22956510058854,0.215919241217382,3.37887951289173,0.000727818985393531,0.006407894068791
"BPB1_03141",81.5915434039727,1.22305123444626,0.16677947821396,4.33537292591035,1.45513216291901e-05,0.000166032733261604
"BPB1_02299",44.7928592769692,1.22113319285454,0.17037846512539,4.23253720664652,2.31069671341401e-05,0.000256074541320234
"BPB1_04851",54.0250969212447,1.21950958872979,0.204143938705533,3.52452094973851,0.000424249265889547,0.00388543112162992
"BPB1_01793",961.724698540032,-1.21902231815551,0.184699582358961,-3.89292877099255,9.904123896532e-05,0.00100098420729557
"BPB1_05777",64.84591764518,-1.21645761751945,0.211715564921686,-3.38405736859483,0.000714230779698746,0.00631918609513792
"BPB1_01512",1608.8208874322,1.21439052722015,0.200053614403971,3.57099535216381,0.000355627206499725,0.00328650690664215
"BPB1_00228",99.5892354282754,-1.21290556691449,0.183918329848707,-3.87620726819853,0.000106097315778275,0.00106235104500064
"BPB1_04878",1592.63078664648,1.21254478158183,0.164702684203328,4.32624874954792,1.51670138352924e-05,0.000172329207724364
"BPB1_05231",24.9068017086064,1.20974904702229,0.213218067012337,3.3287472162536,0.00087237543987261,0.00756946985368566
"BPB1_03372",160.290749895152,-1.20343369391684,0.212962420319157,-3.30308837053333,0.000956262474254139,0.00825751771767934
"BPB1_03450",3777.97733369614,-1.20330886303481,0.130070310350138,-5.40714372973788,6.40377535367313e-08,9.26573071951043e-07
"BPB1_04703",482.766296007145,1.19483058628952,0.119260000873361,5.82618297166831,5.6709439939176e-09,8.97539141793938e-08
"BPB1_02506",59.1607078934612,-1.19075235588304,0.176666081710351,-3.90993194163637,9.23221293315451e-05,0.000936583706771333
"BPB1_05298",368.477489981417,1.19001544446441,0.171531303360953,4.02267942319779,5.75397900759566e-05,0.000599502407413008
"BPB1_00665",3946.202758379,1.18333700572511,0.121026985403901,5.64615406592686,1.64076821170399e-08,2.53006458244755e-07
"BPB1_05594",281.555294540596,-1.18328668534848,0.170807652962121,-4.00032828447098,6.32546725647456e-05,0.000653995149103318
"BPB1_01089",201.739794544396,1.18265012709546,0.168314737838862,4.05579532642589,4.99639976321081e-05,0.000523603291690267
"BPB1_04353",662.27372360449,-1.17957009860195,0.0979437952831573,-6.93836803686538,3.96655263780363e-12,7.89944080672552e-11
"BPB1_00224",51.4939209666308,-1.17287685865358,0.183905909981927,-3.65881041408463,0.00025338869659985,0.00241188500096894
"BPB1_03792",662.236231443535,-1.17219538446202,0.0864591230747527,-7.77471897188734,7.56150845653706e-15,2.00046378136914e-13
"BPB1_03401",3057.6340688545,-1.17183213193441,0.195431881726241,-3.4376792875356,0.000586722161087505,0.00525130929251951
"BPB1_00227",138.272351525186,-1.17089056598054,0.16940099075709,-3.96036978876086,7.48337896478291e-05,0.000767828826481623
"BPB1_02590",636.695824043047,1.16773795228879,0.114289702426424,5.84250320118436,5.14221980681991e-09,8.16251773453148e-08
"BPB1_02070",346.720879686707,1.16660461905946,0.122731847770656,5.43139072024012,5.59165537901308e-08,8.17836424946709e-07
"BPB1_03797",277.353330021731,-1.16578806003022,0.155028668541166,-4.29461251454553,1.74998713587271e-05,0.000196355105453326
"BPB1_02836",160.456206036336,1.15754409331628,0.178032339862138,3.69339690657021,0.00022127824143659,0.00211744444864056
"BPB1_03443",2502.46214095137,-1.15102267694095,0.11130263746606,-5.84912174376345,4.941753037892e-09,7.86744576563514e-08
"BPB1_03142",222.713832128178,1.14699236390832,0.135489626527215,4.77521697041776,1.79513601918222e-06,2.24267340174223e-05
"BPB1_03788",201.38503317779,-1.14119796097462,0.0846030071852552,-7.57890271643168,3.48489685983708e-14,8.51040196947544e-13
"BPB1_01461",61.5668834977402,-1.13863308759025,0.164552496235099,-3.88102947206482,0.000104015233767274,0.00104538215389567
"BPB1_01689",431.017886658216,1.13710622001318,0.0905943411083317,7.0325167358007,2.02840966826353e-12,4.13106678476162e-11
"BPB1_04997",117.275234101802,1.13708537398636,0.166152519038493,3.83434074712261,0.000125901510199172,0.00124677146888978
"BPB1_00617",1005.63337132397,-1.13568468883646,0.0750733836895529,-8.46751082201342,2.50692638787209e-17,7.82074087592236e-16
"BPB1_05647",504.254475294284,-1.13496464935638,0.130399884968161,-4.8693651034387,1.11957381538946e-06,1.43183409517936e-05
"BPB1_03449",3024.69569493746,-1.13446900198105,0.131925986022983,-4.80927996907689,1.5147492784159e-06,1.91007052701183e-05
"BPB1_05768",140.605894850805,1.1324803537134,0.102249811523608,6.18563833310705,6.18516679190375e-10,1.06310016483772e-08
"BPB1_00247",982.487416002264,-1.13231514085057,0.0952542030447972,-6.63818624941094,3.17566445792741e-11,5.95106287480355e-10
"BPB1_00615",6540.83388231924,-1.1323101042585,0.0827409163395341,-7.64204860463187,2.13792435636689e-14,5.34184155153338e-13
"BPB1_04406",566.270626053804,1.12552558726497,0.129355322794989,4.83571586966192,1.32667310632988e-06,1.67682781144317e-05
"BPB1_02265",71.1208077949899,-1.12439498208011,0.138612643614251,-4.50460337382903,6.64970222493805e-06,7.83590456506347e-05
"BPB1_04727",62.976036752384,1.12176059215403,0.158322749758705,3.92717150947441,8.59506921149497e-05,0.000876892032787115
"BPB1_00073",294.425712018555,1.11989531959923,0.185784928831158,3.33662866788614,0.00084801165679874,0.00736991773227504
"BPB1_04231",408.9924626124,1.11726933795904,0.0738257170675847,8.361169555508,6.20995203318739e-17,1.88287141141081e-15
"BPB1_00492",219.838470561258,-1.11506609480756,0.109939564240127,-5.59458370659128,2.21151753637106e-08,3.35268543365016e-07
"BPB1_04879",2074.1711510028,1.1140116545667,0.107674332755934,5.70248859548065,1.18070813320429e-08,1.84169994072357e-07
"BPB1_00709",72.845541579382,1.11357698871335,0.152746116193382,4.01697276503281,5.89505340049742e-05,0.000613017402745368
"BPB1_02329",1307.50367850002,1.11332526648662,0.165656860925667,3.70238372898923,0.000213583251155659,0.00205473940550283
"BPB1_04080",93.8364252996221,-1.105949914775,0.155607994167648,-3.89407959415096,9.8572282446816e-05,0.000998113711755096
"BPB1_02012",39.4451149586116,-1.10488690822806,0.177496843971771,-3.40787416098656,0.000654710802899171,0.00580209228776162
"BPB1_01337",221.046512605843,1.10358112054249,0.1260358000501,4.78896567723267,1.67643148600853e-06,2.10411644883443e-05
"BPB1_01052",130.909136097012,-1.1025028080883,0.151386978945188,-3.97988527339888,6.89485345062392e-05,0.000708790934724139
"BPB1_04998",56.2253074355347,1.10215548880259,0.171637985585623,3.50828802113969,0.000451000490732228,0.00410463684398285
"BPB1_02589",1569.32385674606,1.09509248031689,0.119304235295753,4.98802476577355,6.0999750546794e-07,7.97132333416579e-06
"BPB1_00106",117.190855107379,1.09150326085007,0.142173860750261,4.1604220194111,3.17660067131267e-05,0.000343569415292074
"BPB1_00059",324.375819421295,1.0889505519421,0.1301364771833,4.52563773577909,6.02136491908893e-06,7.11100797993938e-05
"BPB1_00087",71.9958353416537,1.08843668064155,0.16124324447577,3.64937261436693,0.000262881559519306,0.00249344776225957
"BPB1_03444",1543.4184478609,-1.08703562296349,0.12107424635118,-4.84855896819525,1.24361564592429e-06,1.58671244469347e-05
"BPB1_05464",1866.85053543017,1.08188906209622,0.0942455871935623,6.17417832944404,6.65084396078884e-10,1.13232191975954e-08
"BPB1_03448",655.380540401351,-1.0809726838551,0.170201131447425,-3.41344783618294,0.000641464372374481,0.00572228631025632
"BPB1_04452",631.970559838143,1.07241453573618,0.101995774206541,5.61213972038732,1.99839974154934e-08,3.03813053665966e-07
"BPB1_04996",226.136316284087,1.07210054928009,0.140752986739797,4.06457129281177,4.81208288451853e-05,0.000506568977094533
"BPB1_05645",235.825205409153,-1.0633378060703,0.172261166603688,-3.27025421444141,0.00107450873484507,0.00920495816183942
"BPB1_01812",441.686480403551,1.05873883932857,0.0838215228922034,6.66581589130897,2.63199036454761e-11,4.98415859560122e-10
"BPB1_03446",2346.55099957032,-1.05812505037401,0.142331537247024,-3.92130276373925,8.80715209582749e-05,0.000896833959644924
"BPB1_03298",1139.56698093386,1.05257583072872,0.0607036526420288,9.1028431845325,8.79974293047124e-20,3.18739681850693e-18
"BPB1_05466",1758.84148286092,1.05066519100265,0.106794930748238,5.15628585687089,2.51896255576305e-07,3.4680716615952e-06
"BPB1_01724",322.207568228261,1.0492048649122,0.149786153847664,3.66659301146592,0.000245803538347155,0.00234796760435327
"BPB1_05463",5366.3805572221,1.04910851520873,0.0966297432316676,5.68260348050657,1.32659595939278e-08,2.06329636681349e-07
"BPB1_05299",552.99786945098,1.04778307534622,0.150855148235768,3.63118582131585,0.000282121955912304,0.0026665712715564
"BPB1_04036",1572.53461033186,-1.04720622500712,0.124363944664462,-4.40003914706552,1.08231351344691e-05,0.000124812949403269
"BPB1_05462",1622.68331964865,1.04281688711916,0.0831416507158079,6.52882018153086,6.62897776272814e-11,1.19654157141953e-09
"BPB1_02524",559.718425448426,-1.04280936566075,0.118154307143438,-4.59407175907505,4.34679791523254e-06,5.19019211250222e-05
"BPB1_03789",737.729108341144,-1.04250247365838,0.071318631795663,-7.60674258604285,2.81090371112087e-14,6.95892079308227e-13
"BPB1_04065",202.972923083509,-1.04203445688821,0.106026431330739,-5.11225785952735,3.18330889367398e-07,4.30739853173044e-06
"BPB1_01090",146.186655735768,1.04107694809189,0.161236375465657,3.35579949951885,0.0007913591825691,0.00694465936313078
"BPB1_00279",261.626416300995,1.03831267701742,0.136702926596281,3.93782847537125,8.22223337095178e-05,0.000840443058769446
"BPB1_05779",211.482158488895,-1.03657330066377,0.146813579759039,-3.65479338862549,0.000257389174644507,0.00244565030907818
"BPB1_01895",389.191692374938,-1.03569976141604,0.154644756055605,-3.46406677523174,0.000532074414203471,0.0048020160760136
"BPB1_05468",2893.97375186525,1.03498061806058,0.129679478231545,4.12540692911613,3.70079821706465e-05,0.00039629380907734
"BPB1_03447",5697.31765463786,-1.03477059376384,0.146804919396526,-3.64272938510594,0.000269762399714561,0.00255422398466577
"BPB1_04232",402.706956820777,1.03293497898268,0.0613739928605511,8.68340080453245,3.84107914075755e-18,1.25638206804051e-16
"BPB1_01310",1353.93320815766,1.03090872375025,0.158469117675369,3.3502346169292,0.000807431386771583,0.007062734512814
"BPB1_03445",2681.19270315272,-1.03079059865006,0.139911415886756,-3.79376189774023,0.000148381967546582,0.00145868393232951
"BPB1_03954",779.233667820915,1.0291599751203,0.0894244041539822,5.91740006686686,3.27070459441965e-09,5.28502775331823e-08
"BPB1_05884",315.732157752153,1.02715489020646,0.107747123766082,4.89251937110555,9.9553314103393e-07,1.2792600862286e-05
"BPB1_00542",32.0052696841476,-1.02531886474714,0.151677785190792,-3.46338696920151,0.000533420652753372,0.00480612898649408
"BPB1_05238",348.075327471588,1.01649553287199,0.140899073606353,3.66571276625276,0.000246650644780287,0.00235189669589966
"BPB1_03564",2244.39642678265,1.01644050322591,0.121275050131955,4.25842333327416,2.05873801362839e-05,0.00022909297030005
"BPB1_03122",346.60021297218,1.01339260042264,0.151850903567226,3.38089921338762,0.000722490383602985,0.00638180130982866
"BPB1_00687",1002.60065555319,-1.01192420649767,0.0609869645692988,-8.39399386595105,4.69900672276168e-17,1.4327988295336e-15
"BPB1_02075",284.308566601301,1.01042788842186,0.1230739101533,4.14732812003839,3.3637782164487e-05,0.000361535564114916
"BPB1_04123",2363.20290670017,1.00777279913411,0.0761161954682756,6.6710217977953,2.54028483706448e-11,4.82743565691443e-10
"BPB1_01508",172.454671487338,-0.999296195096181,0.118070982177009,-4.22877989062247,2.34962079231348e-05,0.000259323178243678
"BPB1_02613",513.686951041331,0.999189107186021,0.106724293420782,4.67737092639131,2.90576360244571e-06,3.54805569285057e-05
"BPB1_01699",262.655273704933,0.997029584750999,0.0973288222594975,5.10670501514774,3.2782490321948e-07,4.42317750668884e-06
"BPB1_04883",279.611257134188,0.996762157351558,0.137531238619736,3.61199508080539,0.00030385033149573,0.00285196563318687
"BPB1_03790",224.683602814773,-0.996295098525407,0.096071197930436,-5.16590933824692,2.39272757375065e-07,3.30269839271925e-06
"BPB1_03437",653.587575763291,-0.995407097064424,0.133976922741526,-3.69770470113114,0.000217557764341756,0.00208554041590135
"BPB1_04384",548.032251581783,-0.990022078347006,0.148192990810261,-3.30664814622984,0.000944194084721992,0.00816637095391761
"BPB1_03009",277.084217852773,0.985797384814173,0.098046228014471,4.95477893083732,7.24125706103406e-07,9.43987061797121e-06
"BPB1_02954",1327.3131730142,0.982865628085665,0.0735798178861901,6.56247381357397,5.2922336671088e-11,9.68209664453769e-10
"BPB1_03442",2638.13676268842,-0.982711662018368,0.139074764671383,-3.47087886978602,0.00051875795244605,0.00468967616306756
"BPB1_05433",191.428028439176,0.982055163052174,0.117942402998789,4.08720825416048,4.36595183470155e-05,0.000463839410470163
"BPB1_05394",238.692391845682,0.978842079544378,0.11079242130873,4.32197504024263,1.54638685888634e-05,0.000175332980617848
"BPB1_03451",8248.6316113348,-0.974939760703649,0.127214475341576,-3.73337829227702,0.000188928507693906,0.00183720208292615
"BPB1_03159",270.590407987285,0.973318219535099,0.126827099896744,3.73199592137997,0.000189968578198485,0.00184399355492306
"BPB1_01598",603.826314577587,0.972557591101128,0.105318175545482,4.48695193069551,7.22493673333158e-06,8.47673555430229e-05
"BPB1_04877",652.627771790393,0.965918038815335,0.121690927515422,3.82869987375427,0.000128821987392994,0.00127335579846152
"BPB1_03439",3822.37143143394,-0.963591700731679,0.114060816654407,-4.06442557864823,4.81508991186669e-05,0.000506568977094533
"BPB1_05461",1991.56346463117,0.956795650968696,0.0876252681050122,5.21305852578118,1.85752260342605e-07,2.57713354516462e-06
"BPB1_00659",920.545638012447,0.953365766545026,0.0990805348615364,4.57572990677329,4.74562480888292e-06,5.6538933981327e-05
"BPB1_03440",1709.1743951263,-0.947208667221547,0.103755751723533,-4.31020603477652,1.63102512688825e-05,0.000184541773790689
"BPB1_03796",894.257396367929,-0.937294491784208,0.0785758689789385,-5.56525174289095,2.6177421929773e-08,3.95741025644215e-07
"BPB1_01784",8428.08550900556,-0.934827908560132,0.120360120526461,-3.61272410378266,0.000302997042293315,0.00284891121473349
"BPB1_03453",1728.56027906993,-0.92929999795949,0.130310417498975,-3.2944411214312,0.000986176023714149,0.0084886634768505
"BPB1_03582",145.028650290519,0.927175671462633,0.0914454214067829,4.67137298829209,2.99193080465452e-06,3.63681318754964e-05
"BPB1_05806",651.738434456802,0.926002000003334,0.127320558335885,3.34590112996124,0.000820156343916306,0.00713932869051017
"BPB1_05134",4531.90153375193,-0.923617330926147,0.0665943034682789,-6.36116467721492,2.00229629850838e-10,3.53150102060448e-09
"BPB1_00145",135.626733261298,0.922470353333244,0.0984908474275574,4.28943769261385,1.791260556942e-05,0.000200569154062572
"BPB1_04838",7884.64556259394,0.920372440039368,0.0764547235665185,5.4983187490519,3.8342937620296e-08,5.63860584023808e-07
"BPB1_00799",586.820449211011,0.917518143168593,0.0735041672691221,5.68019690148895,1.34539769374707e-08,2.08652625090602e-07
"BPB1_05243",618.112349098938,0.896546639016431,0.0991960894432422,3.99760354709675,6.39870029016704e-05,0.000660301825354331
"BPB1_02057",120.627269938065,0.89263008131041,0.120745950217526,3.25170393378064,0.00114715447190056,0.00981171582384677
"BPB1_04093",12712.8107474711,-0.877407221683034,0.110695392819719,-3.40942122404036,0.000651008763824957,0.00578829373700708
"BPB1_02035",111.52089085004,0.873866538828131,0.106224759502951,3.51957999789819,0.000432230665215353,0.00394712165848944
"BPB1_00153",428.350049511769,0.86213500014943,0.110183944896863,3.28664035843337,0.00101390231793223,0.00869957203478575
"BPB1_04923",14247.9152505504,0.858213205895503,0.068673054406389,5.21621193336897,1.82619221496388e-07,2.54019571756702e-06
"BPB1_04087",7118.53320576203,-0.853947597619729,0.0953554950487482,-3.71187415511589,0.000205730273608907,0.00198272551190584
"BPB1_01723",273.049644028504,-0.850441572949963,0.102230193461957,-3.42796546775952,0.000608122808567834,0.00543383906927251
"BPB1_03289",1491.32814266969,0.849780744516959,0.0903524540631235,3.87129213195017,0.000108259954549612,0.00108199810130418
"BPB1_03799",511.301881365252,-0.847223193246145,0.101831575346802,-3.40977925622407,0.000650154790493654,0.00578829373700708
"BPB1_02466",1220.80676031125,0.84653088000564,0.0604615097206138,5.73142949302659,9.95877445601635e-09,1.55789871707595e-07
"BPB1_05041",270.489244804477,0.836957760541229,0.0878760328246432,3.83446714320421,0.000125836791018746,0.00124677146888978
"BPB1_01244",372.264678234466,-0.836259176370358,0.101848829617095,-3.30155169808568,0.000961516136619405,0.00828962074973631
"BPB1_05230",882.009472090116,0.835190772156497,0.0726012107180669,4.61687579093064,3.89560270832384e-06,4.67212618151639e-05
"BPB1_03769",1202.66059134047,0.833605540373848,0.0956282639842712,3.48856631370741,0.000485618348253866,0.00441225963893285
"BPB1_02058",666.588680267949,0.831836225579204,0.0862741463131663,3.84629972894397,0.000119915059508601,0.0011956453743812
"BPB1_05245",331.278516788403,0.827122008935991,0.0906965738060122,3.60677361016592,0.000310027926308049,0.00289984270388926
"BPB1_03750",607.037195205093,0.826024875037842,0.0925101871606068,3.52420511777618,0.000424755301419613,0.00388543112162992
"BPB1_00392",531.20852719802,0.824926089358035,0.0550522556941328,5.90213943572641,3.58817696259195e-09,5.76350924616332e-08
"BPB1_04840",17229.2552638319,0.824545952309,0.0688303390796147,4.71515841195558,2.41522767127865e-06,2.98967517015845e-05
"BPB1_05560",1064.20525343947,-0.819947422404336,0.0946486172895602,-3.38037080272937,0.00072388098454079,0.00638363672151412
"BPB1_02161",742.361266818416,0.819734994216151,0.0779828555890893,4.10006778798809,4.13029137703628e-05,0.000440537204779937
"BPB1_02467",530.31337443325,0.808701106048987,0.0612752659387832,5.03793988193203,4.70569184164525e-07,6.20944226634704e-06
"BPB1_00137",774.288008591132,0.788852460733678,0.076448701025518,3.77838284835293,0.000157850079115471,0.00154612863336878
"BPB1_00640",27397.843605908,0.767699973296232,0.0663954939815704,4.03189971552193,5.53277970300032e-05,0.000577570832825778
"BPB1_04924",1858.24902456267,0.762334955251003,0.0562935188565689,4.66012714393304,3.16014118785452e-06,3.8240542580383e-05
"BPB1_03467",2451.73062682286,0.752879106837505,0.0769244599939284,3.28736928224735,0.00101128126075561,0.00869089962467842
"BPB1_03798",845.744179212706,-0.739505428594306,0.0664125866594558,-3.60632585841626,0.000310563105956642,0.00289984270388926
